,DTSM_Pred,Depth
0,98.81116,2961.0
1,98.978134,2961.5
2,101.414505,2962.0
3,103.73302,2962.5
4,107.47022,2963.0
5,107.6186,2963.5
6,106.59481,2964.0
7,104.16394,2964.5
8,102.02976,2965.0
9,100.4373,2965.5
10,100.370285,2966.0
11,101.81169,2966.5
12,104.16394,2967.0
13,106.26025,2967.5
14,108.20636,2968.0
15,108.20636,2968.5
16,106.26025,2969.0
17,103.775024,2969.5
18,102.335396,2970.0
19,101.11706,2970.5
20,99.334625,2971.0
21,96.058044,2971.5
22,94.73219,2972.0
23,93.291794,2972.5
24,92.27722,2973.0
25,92.101715,2973.5
26,92.922264,2974.0
27,93.64259,2974.5
28,94.86092,2975.0
29,95.59103,2975.5
30,96.58554,2976.0
31,97.78315,2976.5
32,99.00478,2977.0
33,98.44283,2977.5
34,98.36312,2978.0
35,97.14308,2978.5
36,96.33928,2979.0
37,97.269035,2979.5
38,98.995384,2980.0
39,101.32444,2980.5
40,107.6186,2981.0
41,110.126755,2981.5
42,112.70843,2982.0
43,115.79958,2982.5
44,116.249245,2983.0
45,108.63871,2983.5
46,103.18174,2984.0
47,99.136024,2984.5
48,95.59103,2985.0
49,95.099915,2985.5
50,96.47018,2986.0
51,100.4373,2986.5
52,102.335396,2987.0
53,105.293846,2987.5
54,106.040924,2988.0
55,105.7796,2988.5
56,103.775024,2989.0
57,102.7106,2989.5
58,101.26812,2990.0
59,98.34511,2990.5
60,97.31806,2991.0
61,95.92931,2991.5
62,95.462296,2992.0
63,95.38224,2992.5
64,95.88086,2993.0
65,97.750946,2993.5
66,101.33503,2994.0
67,105.684044,2994.5
68,109.53188,2995.0
69,110.28249,2995.5
70,109.41324,2996.0
71,105.40988,2996.5
72,99.94358,2997.0
73,96.07947,2997.5
74,94.46426,2998.0
75,93.107216,2998.5
76,92.72218,2999.0
77,92.65095,2999.5
78,92.189316,3000.0
79,93.11433,3000.5
80,93.45508,3001.0
81,94.358795,3001.5
82,94.82145,3002.0
83,96.6282,3002.5
84,98.600815,3003.0
85,100.409195,3003.5
86,101.74013,3004.0
87,101.543495,3004.5
88,101.23786,3005.0
89,99.72944,3005.5
90,97.70426,3006.0
91,95.288475,3006.5
92,94.09135,3007.0
93,93.00175,3007.5
94,92.28142,3008.0
95,93.00175,3008.5
96,94.358795,3009.0
97,95.97401,3009.5
98,98.337036,3010.0
99,99.79595,3010.5
100,101.89119,3011.0
101,101.67311,3011.5
102,100.59976,3012.0
103,99.586655,3012.5
104,98.9069,3013.0
105,99.3996,3013.5
106,100.47621,3014.0
107,100.47621,3014.5
108,99.1926,3015.0
109,98.291145,3015.5
110,96.87264,3016.0
111,96.58272,3016.5
112,95.603935,3017.0
113,96.00824,3017.5
114,96.75693,3018.0
115,97.70426,3018.5
116,97.04548,3019.0
117,97.04548,3019.5
118,97.298645,3020.0
119,97.318886,3020.5
120,97.19015,3021.0
121,98.35454,3021.5
122,101.14664,3022.0
123,104.37463,3022.5
124,107.87923,3023.0
125,109.5637,3023.5
126,109.5637,3024.0
127,108.35987,3024.5
128,104.22357,3025.0
129,101.102036,3025.5
130,98.73992,3026.0
131,96.10274,3026.5
132,94.82145,3027.0
133,94.09135,3027.5
134,93.00175,3028.0
135,92.203636,3028.5
136,91.13791,3029.0
137,90.67029,3029.5
138,88.58402,3030.0
139,87.89771,3030.5
140,88.13429,3031.0
141,91.89535,3031.5
142,94.68031,3032.0
143,97.722275,3032.5
144,99.72944,3033.0
145,101.170845,3033.5
146,100.59976,3034.0
147,99.586655,3034.5
148,98.076744,3035.0
149,97.14231,3035.5
150,96.522354,3036.0
151,95.663475,3036.5
152,95.19646,3037.0
153,94.95018,3037.5
154,96.10274,3038.0
155,97.70426,3038.5
156,99.3996,3039.0
157,99.3996,3039.5
158,100.07936,3040.0
159,98.9069,3040.5
160,97.70426,3041.0
161,96.08382,3041.5
162,95.33557,3042.0
163,94.82145,3042.5
164,95.288475,3043.0
165,96.6282,3043.5
166,97.56263,3044.0
167,98.90556,3044.5
168,103.27346,3045.0
169,106.281715,3045.5
170,110.17276,3046.0
171,111.27212,3046.5
172,111.3235,3047.0
173,110.018974,3047.5
174,108.23402,3048.0
175,105.20689,3048.5
176,102.069756,3049.0
177,99.94752,3049.5
178,98.36394,3050.0
179,96.65509,3050.5
180,95.80259,3051.0
181,95.19646,3051.5
182,94.95018,3052.0
183,94.95018,3052.5
184,95.417206,3053.0
185,97.003204,3053.5
186,97.565155,3054.0
187,98.73992,3054.5
188,98.49518,3055.0
189,98.35303,3055.5
190,96.068535,3056.0
191,95.04137,3056.5
192,93.92588,3057.0
193,93.92588,3057.5
194,94.65598,3058.0
195,95.78962,3058.5
196,97.26654,3059.0
197,97.8285,3059.5
198,97.57704,3060.0
199,97.410065,3060.5
200,97.410065,3061.0
201,96.709,3061.5
202,96.709,3062.0
203,96.84811,3062.5
204,97.410065,3063.0
205,97.949524,3063.5
206,98.86416,3064.0
207,99.866035,3064.5
208,99.18627,3065.0
209,98.44222,3065.5
210,96.84811,3066.0
211,94.65598,3066.5
212,94.19332,3067.0
213,94.19332,3067.5
214,94.19332,3068.0
215,94.65598,3068.5
216,94.65598,3069.0
217,94.65598,3069.5
218,94.90226,3070.0
219,95.04137,3070.5
220,95.04137,3071.0
221,95.04137,3071.5
222,95.508385,3072.0
223,95.78962,3072.5
224,97.01508,3073.0
225,98.06974,3073.5
226,98.74117,3074.0
227,98.36869,3074.5
228,96.597176,3075.0
229,94.74568,3075.5
230,93.831406,3076.0
231,92.33511,3076.5
232,92.18564,3077.0
233,91.861046,3077.5
234,91.732315,3078.0
235,91.83658,3078.5
236,91.01198,3079.0
237,91.16146,3079.5
238,91.16146,3080.0
239,91.91288,3080.5
240,92.68019,3081.0
241,93.24236,3081.5
242,93.92588,3082.0
243,93.79715,3082.5
244,94.06459,3083.0
245,94.52725,3083.5
246,95.48572,3084.0
247,98.20098,3084.5
248,100.08411,3085.0
249,100.260635,3085.5
250,99.40435,3086.0
251,99.18627,3086.5
252,100.305565,3087.0
253,100.55637,3087.5
254,101.91686,3088.0
255,103.08439,3088.5
256,103.181915,3089.0
257,102.21581,3089.5
258,99.748024,3090.0
259,96.89595,3090.5
260,94.99427,3091.0
261,94.06459,3091.5
262,94.06459,3092.0
263,94.65598,3092.5
264,96.629295,3093.0
265,97.410065,3093.5
266,98.86416,3094.0
267,100.694695,3094.5
268,101.50699,3095.0
269,103.08439,3095.5
270,104.20736,3096.0
271,104.22832,3096.5
272,102.92736,3097.0
273,100.08411,3097.5
274,99.18627,3098.0
275,97.04932,3098.5
276,95.0756,3099.0
277,95.0756,3099.5
278,95.0756,3100.0
279,95.0756,3100.5
280,94.93649,3101.0
281,94.93649,3101.5
282,95.17798,3102.0
283,95.679985,3102.5
284,96.94,3103.0
285,97.74864,3103.5
286,99.675835,3104.0
287,101.74692,3104.5
288,105.104164,3105.0
289,107.95454,3105.5
290,108.30664,3106.0
291,109.43333,3106.5
292,110.57658,3107.0
293,111.52218,3107.5
294,111.21311,3108.0
295,109.51356,3108.5
296,109.742584,3109.0
297,108.4293,3109.5
298,106.59279,3110.0
299,102.625244,3110.5
300,100.87999,3111.0
301,98.775406,3111.5
302,97.58866,3112.0
303,96.61235,3112.5
304,95.95659,3113.0
305,95.40163,3113.5
306,94.93461,3114.0
307,94.33284,3114.5
308,93.054115,3115.0
309,92.02819,3115.5
310,92.02819,3116.0
311,92.02819,3116.5
312,92.35278,3117.0
313,92.35278,3117.5
314,92.463745,3118.0
315,93.69039,3118.5
316,93.69039,3119.0
317,93.69039,3119.5
318,94.420494,3120.0
319,96.99941,3120.5
320,100.25298,3121.0
321,104.12156,3121.5
322,105.16462,3122.0
323,103.820946,3122.5
324,100.2399,3123.0
325,97.36373,3123.5
326,93.594734,3124.0
327,92.60079,3124.5
328,91.30955,3125.0
329,91.09509,3125.5
330,91.30955,3126.0
331,91.30786,3126.5
332,91.18571,3127.0
333,92.1589,3127.5
334,93.69039,3128.0
335,94.549225,3128.5
336,95.68286,3129.0
337,97.47028,3129.5
338,98.7574,3130.0
339,100.271286,3130.5
340,101.34257,3131.0
341,101.19991,3131.5
342,103.18529,3132.0
343,106.03432,3132.5
344,107.06724,3133.0
345,107.78931,3133.5
346,108.114006,3134.0
347,104.40863,3134.5
348,102.25333,3135.0
349,102.19546,3135.5
350,100.64102,3136.0
351,97.84276,3136.5
352,96.355965,3137.0
353,94.88751,3137.5
354,94.420494,3138.0
355,93.95783,3138.5
356,92.925385,3139.0
357,92.925385,3139.5
358,92.925385,3140.0
359,92.60079,3140.5
360,91.90924,3141.0
361,90.75041,3141.5
362,90.33431,3142.0
363,89.96392,3142.5
364,90.23054,3143.0
365,91.43659,3143.5
366,92.72952,3144.0
367,92.60079,3144.5
368,92.925385,3145.0
369,92.925385,3145.5
370,93.69039,3146.0
371,93.95783,3146.5
372,94.420494,3147.0
373,94.420494,3147.5
374,94.420494,3148.0
375,94.45473,3148.5
376,94.921745,3149.0
377,95.607285,3149.5
378,96.26147,3150.0
379,97.003586,3150.5
380,97.339165,3151.0
381,97.77997,3151.5
382,98.68942,3152.0
383,99.75531,3152.5
384,100.00677,3153.0
385,101.09054,3153.5
386,100.32889,3154.0
387,99.075554,3154.5
388,97.543236,3155.0
389,96.18634,3155.5
390,92.60264,3156.0
391,92.22217,3156.5
392,92.79239,3157.0
393,94.35355,3157.5
394,96.623695,3158.0
395,98.866,3158.5
396,99.20675,3159.0
397,99.8672,3159.5
398,101.61424,3160.0
399,106.08223,3160.5
400,109.31314,3161.0
401,113.87455,3161.5
402,117.6519,3162.0
403,118.04157,3162.5
404,118.145515,3163.0
405,116.23368,3163.5
406,113.579666,3164.0
407,113.122025,3164.5
408,110.4906,3165.0
409,109.221535,3165.5
410,109.221535,3166.0
411,108.38194,3166.5
412,107.019615,3167.0
413,106.51275,3167.5
414,109.03205,3168.0
415,110.8657,3168.5
416,112.2918,3169.0
417,112.97548,3169.5
418,113.565834,3170.0
419,112.532265,3170.5
420,110.69767,3171.0
421,109.0646,3171.5
422,105.795074,3172.0
423,103.982346,3172.5
424,102.83632,3173.0
425,101.34306,3173.5
426,101.235504,3174.0
427,100.54696,3174.5
428,100.54696,3175.0
429,99.8672,3175.5
430,98.66383,3176.0
431,97.007065,3176.5
432,95.86709,3177.0
433,94.990105,3177.5
434,94.990105,3178.0
435,94.52744,3178.5
436,94.990105,3179.0
437,96.84587,3179.5
438,99.64913,3180.0
439,102.34505,3180.5
440,105.69331,3181.0
441,107.409996,3181.5
442,107.409996,3182.0
443,104.47085,3182.5
444,101.96984,3183.0
445,99.56825,3183.5
446,97.17185,3184.0
447,96.76582,3184.5
448,96.845535,3185.0
449,96.77721,3185.5
450,95.916176,3186.0
451,95.20298,3186.5
452,94.921745,3187.0
453,94.58346,3187.5
454,94.58346,3188.0
455,94.549225,3188.5
456,94.420494,3189.0
457,94.420494,3189.5
458,94.420494,3190.0
459,94.420494,3190.5
460,94.88751,3191.0
461,95.097725,3191.5
462,94.7955,3192.0
463,94.7955,3192.5
464,94.93461,3193.0
465,94.131195,3193.5
466,94.52728,3194.0
467,94.367455,3194.5
468,95.278946,3195.0
469,97.935974,3195.5
470,102.235886,3196.0
471,108.258766,3196.5
472,110.60489,3197.0
473,112.6156,3197.5
474,115.46544,3198.0
475,117.88743,3198.5
476,118.91304,3199.0
477,117.96653,3199.5
478,116.588486,3200.0
479,115.25625,3200.5
480,116.97051,3201.0
481,120.79934,3201.5
482,123.71583,3202.0
483,120.291626,3202.5
484,116.45145,3203.0
485,109.57581,3203.5
486,103.953575,3204.0
487,99.56825,3204.5
488,97.7294,3205.0
489,95.66734,3205.5
490,94.990105,3206.0
491,95.45712,3206.5
492,95.94857,3207.0
493,97.09215,3207.5
494,97.87292,3208.0
495,97.87292,3208.5
496,99.075554,3209.0
497,100.24801,3209.5
498,101.46318,3210.0
499,103.05386,3210.5
500,104.69117,3211.0
501,104.69117,3211.5
502,103.54917,3212.0
503,101.00966,3212.5
504,98.2454,3213.0
505,96.113365,3213.5
506,95.118835,3214.0
507,94.52744,3214.5
508,94.52744,3215.0
509,94.990105,3215.5
510,95.83213,3216.0
511,98.039894,3216.5
512,98.7348,3217.0
513,100.48954,3217.5
514,100.283676,3218.0
515,100.65706,3218.5
516,102.83379,3219.0
517,102.83379,3219.5
518,104.17586,3220.0
519,104.800606,3220.5
520,108.64879,3221.0
521,111.29348,3221.5
522,112.58119,3222.0
523,115.72961,3222.5
524,121.74828,3223.0
525,121.80058,3223.5
526,121.536514,3224.0
527,119.63427,3224.5
528,117.743095,3225.0
529,114.49504,3225.5
530,111.57416,3226.0
531,110.22764,3226.5
532,109.811134,3227.0
533,108.593346,3227.5
534,109.38554,3228.0
535,110.85743,3228.5
536,111.052284,3229.0
537,111.748726,3229.5
538,110.734215,3230.0
539,108.747246,3230.5
540,104.40941,3231.0
541,100.342926,3231.5
542,97.81138,3232.0
543,95.85081,3232.5
544,94.8914,3233.0
545,95.68054,3233.5
546,95.38344,3234.0
547,96.14967,3234.5
548,97.40219,3235.0
549,96.25414,3235.5
550,95.68286,3236.0
551,95.26252,3236.5
552,95.01624,3237.0
553,94.420494,3237.5
554,94.420494,3238.0
555,94.420494,3238.5
556,94.420494,3239.0
557,94.420494,3239.5
558,94.420494,3240.0
559,94.420494,3240.5
560,95.57305,3241.0
561,97.290405,3241.5
562,100.28264,3242.0
563,103.15416,3242.5
564,105.97254,3243.0
565,105.97254,3243.5
566,102.10905,3244.0
567,100.19881,3244.5
568,97.30331,3245.0
569,94.420494,3245.5
570,93.95783,3246.0
571,93.69039,3246.5
572,93.69039,3247.0
573,92.925385,3247.5
574,92.925385,3248.0
575,94.66045,3248.5
576,95.58241,3249.0
577,97.78028,3249.5
578,98.710495,3250.0
579,99.2198,3250.5
580,98.04385,3251.0
581,96.661644,3251.5
582,94.420494,3252.0
583,93.22875,3252.5
584,92.9826,3253.0
585,92.1057,3253.5
586,91.842636,3254.0
587,95.267006,3254.5
588,98.86456,3255.0
589,102.10905,3255.5
590,107.49063,3256.0
591,108.59633,3256.5
592,108.16316,3257.0
593,107.709946,3257.5
594,103.07516,3258.0
595,100.52092,3258.5
596,97.53668,3259.0
597,96.227234,3259.5
598,94.88751,3260.0
599,94.420494,3260.5
600,94.420494,3261.0
601,94.420494,3261.5
602,93.723465,3262.0
603,95.12918,3262.5
604,96.962555,3263.0
605,99.43716,3263.5
606,100.739,3264.0
607,101.241264,3264.5
608,100.66121,3265.0
609,99.97735,3265.5
610,98.26193,3266.0
611,95.40163,3266.5
612,94.08656,3267.0
613,92.60079,3267.5
614,92.60079,3268.0
615,92.37872,3268.5
616,92.9758,3269.0
617,93.30039,3269.5
618,93.30039,3270.0
619,93.69039,3270.5
620,94.420494,3271.0
621,94.420494,3271.5
622,94.420494,3272.0
623,94.549225,3272.5
624,94.549225,3273.0
625,94.420494,3273.5
626,94.88751,3274.0
627,95.16875,3274.5
628,96.14753,3275.0
629,96.227234,3275.5
630,96.14753,3276.0
631,95.57305,3276.5
632,95.70178,3277.0
633,96.27626,3277.5
634,96.908325,3278.0
635,97.96298,3278.5
636,97.84374,3279.0
637,97.4411,3279.5
638,97.06862,3280.0
639,97.2181,3280.5
640,95.85081,3281.0
641,95.34465,3281.5
642,94.549225,3282.0
643,94.420494,3282.5
644,94.420494,3283.0
645,93.95783,3283.5
646,93.95783,3284.0
647,93.69039,3284.5
648,92.35278,3285.0
649,91.07324,3285.5
650,88.932175,3286.0
651,90.92316,3286.5
652,93.320076,3287.0
653,94.93461,3287.5
654,96.661644,3288.0
655,97.47028,3288.5
656,98.09422,3289.0
657,98.7574,3289.5
658,97.84276,3290.0
659,97.30331,3290.5
660,96.60224,3291.0
661,96.60224,3291.5
662,96.14061,3292.0
663,96.168755,3292.5
664,97.12953,3293.0
665,97.47028,3293.5
666,97.72174,3294.0
667,97.47028,3294.5
668,97.47028,3295.0
669,97.1642,3295.5
670,96.91792,3296.0
671,96.99941,3296.5
672,97.1642,3297.0
673,97.1642,3297.5
674,97.1642,3298.0
675,97.1642,3298.5
676,96.60224,3299.0
677,97.1642,3299.5
678,96.914566,3300.0
679,96.82345,3300.5
680,97.62726,3301.0
681,97.270164,3301.5
682,97.26011,3302.0
683,96.50748,3302.5
684,94.275826,3303.0
685,93.34229,3303.5
686,91.95014,3304.0
687,92.099625,3304.5
688,92.481514,3305.0
689,92.71336,3305.5
690,93.81912,3306.0
691,93.69039,3306.5
692,93.95783,3307.0
693,93.95783,3307.5
694,93.95783,3308.0
695,93.95783,3308.5
696,93.95783,3309.0
697,93.95783,3309.5
698,93.95783,3310.0
699,93.95783,3310.5
700,94.342705,3311.0
701,95.11142,3311.5
702,95.96343,3312.0
703,95.362526,3312.5
704,96.37777,3313.0
705,97.80362,3313.5
706,98.805786,3314.0
707,98.99864,3314.5
708,99.18752,3315.0
709,100.187546,3315.5
710,100.73401,3316.0
711,104.03842,3316.5
712,106.49109,3317.0
713,107.295555,3317.5
714,102.321045,3318.0
715,99.9253,3318.5
716,98.58208,3319.0
717,100.94371,3319.5
718,100.57688,3320.0
719,99.94735,3320.5
720,98.33897,3321.0
721,97.1642,3321.5
722,96.60224,3322.0
723,95.70178,3322.5
724,95.29748,3323.0
725,94.88751,3323.5
726,94.420494,3324.0
727,93.95783,3324.5
728,92.925385,3325.0
729,92.60079,3325.5
730,91.30955,3326.0
731,91.63083,3326.5
732,92.925385,3327.0
733,94.420494,3327.5
734,97.1642,3328.0
735,99.07951,3328.5
736,99.75927,3329.0
737,99.6784,3329.5
738,98.19986,3330.0
739,96.227234,3330.5
740,95.16875,3331.0
741,94.88751,3331.5
742,94.88751,3332.0
743,94.88751,3332.5
744,96.227234,3333.0
745,97.82485,3333.5
746,99.768524,3334.0
747,101.067764,3334.5
748,103.04429,3335.0
749,103.36555,3335.5
750,101.26166,3336.0
751,99.39499,3336.5
752,96.78919,3337.0
753,94.88751,3337.5
754,94.420494,3338.0
755,93.95783,3338.5
756,93.95783,3339.0
757,94.420494,3339.5
758,95.57305,3340.0
759,96.91792,3340.5
760,99.43716,3341.0
761,99.97735,3341.5
762,99.97735,3342.0
763,98.99864,3342.5
764,98.33897,3343.0
765,97.30331,3343.5
766,97.1642,3344.0
767,96.60224,3344.5
768,96.60224,3345.0
769,95.54375,3345.5
770,95.26252,3346.0
771,95.68286,3346.5
772,96.82862,3347.0
773,96.908325,3347.5
774,95.84983,3348.0
775,94.22231,3348.5
776,92.309845,3349.0
777,90.87738,3349.5
778,89.377464,3350.0
779,89.095085,3350.5
780,89.445885,3351.0
781,89.75525,3351.5
782,90.12524,3352.0
783,90.81019,3352.5
784,93.11133,3353.0
785,94.68992,3353.5
786,97.6815,3354.0
787,99.85383,3354.5
788,100.533585,3355.0
789,100.15838,3355.5
790,96.914566,3356.0
791,94.91911,3356.5
792,94.420494,3357.0
793,93.95783,3357.5
794,93.69039,3358.0
795,93.69039,3358.5
796,94.420494,3359.0
797,94.420494,3359.5
798,96.52254,3360.0
799,97.72174,3360.5
800,97.72174,3361.0
801,96.908325,3361.5
802,95.68286,3362.0
803,94.7955,3362.5
804,94.289955,3363.0
805,93.97662,3363.5
806,93.84789,3364.0
807,94.07974,3364.5
808,94.420494,3365.0
809,94.420494,3365.5
810,94.420494,3366.0
811,94.88751,3366.5
812,95.53364,3367.0
813,96.33573,3367.5
814,96.569496,3368.0
815,97.731445,3368.5
816,99.21086,3369.0
817,100.45752,3369.5
818,101.7277,3370.0
819,102.15344,3370.5
820,101.87662,3371.0
821,99.76984,3371.5
822,98.49539,3372.0
823,97.93343,3372.5
824,95.54375,3373.0
825,95.54375,3373.5
826,97.12738,3374.0
827,97.5517,3374.5
828,95.12928,3375.0
829,95.430405,3375.5
830,95.51395,3376.0
831,95.669365,3376.5
832,95.83549,3377.0
833,95.91654,3377.5
834,96.94208,3378.0
835,97.010796,3378.5
836,97.058334,3379.0
837,96.31349,3379.5
838,97.01131,3380.0
839,99.2173,3380.5
840,101.40859,3381.0
841,102.86555,3381.5
842,103.45331,3382.0
843,103.61393,3382.5
844,102.25333,3383.0
845,100.37973,3383.5
846,98.26191,3384.0
847,97.81998,3384.5
848,98.51358,3385.0
849,98.99589,3385.5
850,99.4778,3386.0
851,99.75927,3386.5
852,99.57499,3387.0
853,97.199936,3387.5
854,96.80493,3388.0
855,99.64677,3388.5
856,102.84341,3389.0
857,103.31205,3389.5
858,102.28826,3390.0
859,101.36337,3390.5
860,99.81409,3391.0
861,99.84125,3391.5
862,100.644775,3392.0
863,101.055916,3392.5
864,102.469666,3393.0
865,103.14993,3393.5
866,100.565315,3394.0
867,97.04472,3394.5
868,94.12634,3395.0
869,92.32515,3395.5
870,92.47989,3396.0
871,92.60079,3396.5
872,92.925385,3397.0
873,92.925385,3397.5
874,92.925385,3398.0
875,92.925385,3398.5
876,92.60079,3399.0
877,91.90924,3399.5
878,91.0547,3400.0
879,90.736946,3400.5
880,91.30955,3401.0
881,91.57617,3401.5
882,92.24999,3402.0
883,92.925385,3402.5
884,92.925385,3403.0
885,93.69039,3403.5
886,93.95783,3404.0
887,93.95783,3404.5
888,93.95783,3405.0
889,93.95783,3405.5
890,93.95783,3406.0
891,93.95783,3406.5
892,93.95783,3407.0
893,93.95783,3407.5
894,93.95783,3408.0
895,93.61708,3408.5
896,93.13208,3409.0
897,92.9826,3409.5
898,92.612206,3410.0
899,93.86364,3410.5
900,94.026146,3411.0
901,94.52526,3411.5
902,95.137405,3412.0
903,95.65549,3412.5
904,95.7861,3413.0
905,96.03086,3413.5
906,95.671844,3414.0
907,94.250244,3414.5
908,93.958855,3415.0
909,93.4962,3415.5
910,93.95783,3416.0
911,94.420494,3416.5
912,95.09096,3417.0
913,96.47755,3417.5
914,96.80548,3418.0
915,97.449684,3418.5
916,99.681564,3419.0
917,101.552376,3419.5
918,102.191536,3420.0
919,103.183495,3420.5
920,101.90671,3421.0
921,100.314865,3421.5
922,99.91106,3422.0
923,100.613716,3422.5
924,99.34617,3423.0
925,97.02542,3423.5
926,94.420494,3424.0
927,94.549225,3424.5
928,95.37896,3425.0
929,96.82862,3425.5
930,97.082,3426.0
931,97.62224,3426.5
932,97.47126,3427.0
933,96.9093,3427.5
934,96.634544,3428.0
935,95.05357,3428.5
936,94.58825,3429.0
937,93.81912,3429.5
938,92.925385,3430.0
939,92.60079,3430.5
940,92.60079,3431.0
941,92.60079,3431.5
942,92.925385,3432.0
943,93.95783,3432.5
944,94.29959,3433.0
945,94.2229,3433.5
946,94.12634,3434.0
947,92.99759,3434.5
948,90.01184,3435.0
949,89.13119,3435.5
950,90.45201,3436.0
951,91.095665,3436.5
952,92.61635,3437.0
953,94.895966,3437.5
954,97.96661,3438.0
955,99.71377,3438.5
956,100.78105,3439.0
957,101.06002,3439.5
958,102.206955,3440.0
959,102.61776,3440.5
960,102.484566,3441.0
961,99.47862,3441.5
962,97.59313,3442.0
963,94.05811,3442.5
964,92.05353,3443.0
965,88.932175,3443.5
966,90.68146,3444.0
967,91.95014,3444.5
968,92.925385,3445.0
969,92.925385,3445.5
970,93.81912,3446.0
971,93.50708,3446.5
972,92.99759,3447.0
973,92.22803,3447.5
974,92.83509,3448.0
975,93.26081,3448.5
976,93.38523,3449.0
977,93.95783,3449.5
978,93.95783,3450.0
979,93.95783,3450.5
980,93.95783,3451.0
981,93.95783,3451.5
982,93.95783,3452.0
983,93.594734,3452.5
984,92.06672,3453.0
985,91.95052,3453.5
986,93.33437,3454.0
987,94.942184,3454.5
988,95.454765,3455.0
989,94.568275,3455.5
990,93.69039,3456.0
991,92.925385,3456.5
992,92.463745,3457.0
993,91.45103,3457.5
994,91.95014,3458.0
995,92.58463,3458.5
996,92.925385,3459.0
997,92.925385,3459.5
998,92.925385,3460.0
999,92.925385,3460.5
1000,93.69039,3461.0
1001,93.95783,3461.5
1002,94.420494,3462.0
1003,94.420494,3462.5
1004,94.420494,3463.0
1005,93.69039,3463.5
1006,92.463745,3464.0
1007,92.58463,3464.5
1008,93.1356,3465.0
1009,94.47195,3465.5
1010,94.47195,3466.0
1011,94.33284,3466.5
1012,93.59545,3467.0
1013,90.89168,3467.5
1014,90.39274,3468.0
1015,89.055214,3468.5
1016,87.937836,3469.0
1017,88.321526,3469.5
1018,91.332954,3470.0
1019,93.29499,3470.5
1020,94.83414,3471.0
1021,97.994705,3471.5
1022,101.65566,3472.0
1023,105.4086,3472.5
1024,109.248665,3473.0
1025,115.32228,3473.5
1026,125.15429,3474.0
1027,127.20414,3474.5
1028,121.66542,3475.0
1029,114.3904,3475.5
1030,107.30883,3476.0
1031,102.49317,3476.5
1032,97.601585,3477.0
1033,95.7582,3477.5
1034,96.25929,3478.0
1035,96.78484,3478.5
1036,98.37954,3479.0
1037,100.42447,3479.5
1038,102.07519,3480.0
1039,104.16062,3480.5
1040,103.91383,3481.0
1041,103.43929,3481.5
1042,100.924255,3482.0
1043,102.23806,3482.5
1044,104.082794,3483.0
1045,108.35731,3483.5
1046,111.56723,3484.0
1047,115.37085,3484.5
1048,118.54651,3485.0
1049,119.17827,3485.5
1050,122.16547,3486.0
1051,124.11349,3486.5
1052,125.9787,3487.0
1053,123.710236,3487.5
1054,122.03786,3488.0
1055,122.87117,3488.5
1056,124.727936,3489.0
1057,126.45916,3489.5
1058,126.679245,3490.0
1059,123.96701,3490.5
1060,115.820885,3491.0
1061,110.1209,3491.5
1062,108.45418,3492.0
1063,110.060036,3492.5
1064,112.06872,3493.0
1065,117.25244,3493.5
1066,115.43708,3494.0
1067,111.118996,3494.5
1068,107.09557,3495.0
1069,102.57757,3495.5
1070,100.99302,3496.0
1071,102.84341,3496.5
1072,104.678734,3497.0
1073,108.37805,3497.5
1074,111.78925,3498.0
1075,114.8737,3498.5
1076,115.13957,3499.0
1077,113.12536,3499.5
1078,109.85767,3500.0
1079,107.03355,3500.5
1080,105.478264,3501.0
1081,106.94839,3501.5
1082,107.02451,3502.0
1083,107.796776,3502.5
1084,105.73278,3503.0
1085,101.04418,3503.5
1086,100.25628,3504.0
1087,101.6811,3504.5
1088,105.600624,3505.0
1089,110.21843,3505.5
1090,114.77977,3506.0
1091,117.02093,3506.5
1092,116.31136,3507.0
1093,115.44858,3507.5
1094,109.86049,3508.0
1095,108.39821,3508.5
1096,108.722115,3509.0
1097,109.273705,3509.5
1098,111.28057,3510.0
1099,111.98922,3510.5
1100,108.47626,3511.0
1101,103.78736,3511.5
1102,98.71659,3512.0
1103,94.84076,3512.5
1104,90.82669,3513.0
1105,87.90068,3513.5
1106,88.05296,3514.0
1107,86.575096,3514.5
1108,86.037766,3515.0
1109,85.73388,3515.5
1110,85.872986,3516.0
1111,85.980515,3516.5
1112,87.057076,3517.0
1113,87.727516,3517.5
1114,88.712654,3518.0
1115,89.77697,3518.5
1116,91.68749,3519.0
1117,93.00604,3519.5
1118,93.61553,3520.0
1119,96.21789,3520.5
1120,95.87599,3521.0
1121,92.883415,3521.5
1122,89.47309,3522.0
1123,87.46431,3522.5
1124,86.039955,3523.0
1125,86.788,3523.5
1126,87.57714,3524.0
1127,89.418785,3524.5
1128,91.793625,3525.0
1129,95.46968,3525.5
1130,98.88665,3526.0
1131,102.45789,3526.5
1132,105.835884,3527.0
1133,108.739136,3527.5
1134,104.45787,3528.0
1135,102.84341,3528.5
1136,103.43117,3529.0
1137,104.56009,3529.5
1138,105.90417,3530.0
1139,106.532455,3530.5
1140,103.56554,3531.0
1141,100.82582,3531.5
1142,97.71041,3532.0
1143,95.95721,3532.5
1144,93.87159,3533.0
1145,91.73351,3533.5
1146,89.62569,3534.0
1147,88.02344,3534.5
1148,88.60466,3535.0
1149,90.42437,3535.5
1150,93.921295,3536.0
1151,99.94256,3536.5
1152,104.99493,3537.0
1153,105.345245,3537.5
1154,103.92008,3538.0
1155,100.41404,3538.5
1156,95.798836,3539.0
1157,95.066284,3539.5
1158,96.74791,3540.0
1159,101.01983,3540.5
1160,105.22018,3541.0
1161,108.07856,3541.5
1162,109.0068,3542.0
1163,107.04134,3542.5
1164,102.65943,3543.0
1165,97.57348,3543.5
1166,96.27296,3544.0
1167,96.21351,3544.5
1168,96.17566,3545.0
1169,97.62285,3545.5
1170,100.73373,3546.0
1171,103.73536,3546.5
1172,105.18846,3547.0
1173,105.137405,3547.5
1174,102.98756,3548.0
1175,100.679695,3548.5
1176,100.25531,3549.0
1177,102.38234,3549.5
1178,105.851395,3550.0
1179,114.54897,3550.5
1180,123.55624,3551.0
1181,125.83648,3551.5
1182,122.8191,3552.0
1183,115.58722,3552.5
1184,110.38595,3553.0
1185,102.48323,3553.5
1186,100.98123,3554.0
1187,104.373634,3554.5
1188,108.107475,3555.0
1189,114.0841,3555.5
1190,121.68758,3556.0
1191,120.68209,3556.5
1192,118.3939,3557.0
1193,112.50464,3557.5
1194,109.910774,3558.0
1195,108.898346,3558.5
1196,110.771706,3559.0
1197,112.30418,3559.5
1198,115.43378,3560.0
1199,120.130455,3560.5
1200,120.34677,3561.0
1201,116.59331,3561.5
1202,111.8651,3562.0
1203,106.72665,3562.5
1204,102.378815,3563.0
1205,100.25737,3563.5
1206,103.07064,3564.0
1207,106.12303,3564.5
1208,110.67157,3565.0
1209,115.0802,3565.5
1210,114.9968,3566.0
1211,111.475876,3566.5
1212,105.072334,3567.0
1213,101.07189,3567.5
1214,98.2376,3568.0
1215,98.01472,3568.5
1216,98.91288,3569.0
1217,100.63091,3569.5
1218,101.21867,3570.0
1219,101.86892,3570.5
1220,103.55172,3571.0
1221,103.98489,3571.5
1222,103.98489,3572.0
1223,103.98489,3572.5
1224,104.00999,3573.0
1225,106.7827,3573.5
1226,113.53018,3574.0
1227,124.98573,3574.5
1228,133.15587,3575.0
1229,137.84235,3575.5
1230,139.00468,3576.0
1231,136.06758,3576.5
1232,127.83179,3577.0
1233,116.580605,3577.5
1234,109.108536,3578.0
1235,104.63835,3578.5
1236,100.45872,3579.0
1237,96.44302,3579.5
1238,92.447075,3580.0
1239,91.35748,3580.5
1240,90.63715,3581.0
1241,89.943634,3581.5
1242,88.27104,3582.0
1243,88.05296,3582.5
1244,87.17805,3583.0
1245,87.31983,3583.5
1246,88.24147,3584.0
1247,90.41846,3584.5
1248,91.74577,3585.0
1249,93.177124,3585.5
1250,95.42108,3586.0
1251,95.079185,3586.5
1252,92.21135,3587.0
1253,91.757675,3587.5
1254,89.91161,3588.0
1255,87.14285,3588.5
1256,86.90939,3589.0
1257,87.49644,3589.5
1258,89.322235,3590.0
1259,91.41506,3590.5
1260,95.72233,3591.0
1261,97.81124,3591.5
1262,101.73775,3592.0
1263,110.47694,3592.5
1264,113.3407,3593.0
1265,114.8088,3593.5
1266,107.28994,3594.0
1267,104.9455,3594.5
1268,106.983086,3595.0
1269,108.83266,3595.5
1270,110.052246,3596.0
1271,109.139565,3596.5
1272,108.65885,3597.0
1273,101.37318,3597.5
1274,97.648674,3598.0
1275,94.7853,3598.5
1276,93.137695,3599.0
1277,92.73386,3599.5
1278,92.62195,3600.0
1279,94.48398,3600.5
1280,97.28712,3601.0
1281,99.65818,3601.5
1282,104.08641,3602.0
1283,109.384964,3602.5
1284,113.56668,3603.0
1285,114.27536,3603.5
1286,111.98473,3604.0
1287,107.45004,3604.5
1288,102.814026,3605.0
1289,98.39728,3605.5
1290,97.13483,3606.0
1291,96.6345,3606.5
1292,98.00109,3607.0
1293,98.65715,3607.5
1294,98.52793,3608.0
1295,98.14231,3608.5
1296,97.013565,3609.0
1297,94.82763,3609.5
1298,91.90674,3610.0
1299,89.12229,3610.5
1300,87.893906,3611.0
1301,87.82208,3611.5
1302,88.19063,3612.0
1303,88.31887,3612.5
1304,87.88633,3613.0
1305,86.90745,3613.5
1306,85.73388,3614.0
1307,85.53761,3614.5
1308,85.53761,3615.0
1309,85.53761,3615.5
1310,85.569084,3616.0
1311,85.569084,3616.5
1312,85.53761,3617.0
1313,85.53761,3617.5
1314,85.53761,3618.0
1315,85.73388,3618.5
1316,85.872986,3619.0
1317,87.46431,3619.5
1318,88.89872,3620.0
1319,89.826225,3620.5
1320,90.50079,3621.0
1321,91.51087,3621.5
1322,93.281265,3622.0
1323,96.86797,3622.5
1324,100.55204,3623.0
1325,105.114,3623.5
1326,106.737816,3624.0
1327,110.03929,3624.5
1328,113.84419,3625.0
1329,115.342064,3625.5
1330,116.12988,3626.0
1331,114.70187,3626.5
1332,114.00699,3627.0
1333,114.882515,3627.5
1334,116.558655,3628.0
1335,117.04972,3628.5
1336,118.003174,3629.0
1337,116.60927,3629.5
1338,111.20027,3630.0
1339,105.43944,3630.5
1340,100.37973,3631.0
1341,96.72921,3631.5
1342,94.07664,3632.0
1343,92.56102,3632.5
1344,92.357155,3633.0
1345,91.59327,3633.5
1346,91.04821,3634.0
1347,90.78076,3634.5
1348,90.779884,3635.0
1349,89.73496,3635.5
1350,88.07254,3636.0
1351,87.41566,3636.5
1352,87.19758,3637.0
1353,87.25685,3637.5
1354,87.92183,3638.0
1355,87.99162,3638.5
1356,87.92183,3639.0
1357,87.573616,3639.5
1358,88.31887,3640.0
1359,89.30239,3640.5
1360,89.84019,3641.0
1361,89.47066,3641.5
1362,88.6013,3642.0
1363,87.22758,3642.5
1364,87.88633,3643.0
1365,88.77513,3643.5
1366,90.935936,3644.0
1367,92.59356,3644.5
1368,92.912094,3645.0
1369,92.81227,3645.5
1370,95.14715,3646.0
1371,97.671196,3646.5
1372,101.26139,3647.0
1373,106.182144,3647.5
1374,106.95785,3648.0
1375,108.04183,3648.5
1376,107.72824,3649.0
1377,106.75325,3649.5
1378,105.9946,3650.0
1379,103.12808,3650.5
1380,99.99894,3651.0
1381,93.93439,3651.5
1382,90.68482,3652.0
1383,87.97155,3652.5
1384,86.82816,3653.0
1385,86.72855,3653.5
1386,86.039955,3654.0
1387,86.037766,3654.5
1388,86.037766,3655.0
1389,85.872986,3655.5
1390,86.442505,3656.0
1391,87.5051,3656.5
1392,90.12826,3657.0
1393,94.67871,3657.5
1394,96.04543,3658.0
1395,96.607376,3658.5
1396,97.84818,3659.0
1397,97.79094,3659.5
1398,97.215744,3660.0
1399,97.17284,3660.5
1400,96.83023,3661.0
